{"accuracy": [0.2599332332611084, 0.4965776205062866, 0.6105175018310547, 0.6770450472831726, 0.7262938022613525, 0.7651085257530212, 0.8044240474700928, 0.8313021659851074, 0.8496661186218262, 0.8737896680831909, 0.8941569328308105, 0.9118530750274658, 0.9249582886695862, 0.9265442490577698, 0.94240403175354, 0.9500834941864014, 0.9503338932991028, 0.9590985178947449, 0.9630216956138611, 0.9626043438911438, 0.9683639407157898, 0.975459098815918, 0.9742069840431213, 0.9772955179214478, 0.9717863202095032, 0.9838063716888428, 0.9797996878623962, 0.9765442609786987, 0.9803839921951294, 0.9861435890197754], "loss": [1.9873656034469604, 1.4247844219207764, 1.1266241073608398, 0.9428240060806274, 0.8137624263763428, 0.7002520561218262, 0.5832815170288086, 0.5029121041297913, 0.4413311779499054, 0.37052032351493835, 0.3136066496372223, 0.26428985595703125, 0.22103916108608246, 0.21315869688987732, 0.17354165017604828, 0.1459149867296219, 0.1417873203754425, 0.12119121104478836, 0.11418529599905014, 0.11440511047840118, 0.09503938257694244, 0.0710199847817421, 0.08040117472410202, 0.07529715448617935, 0.09012793749570847, 0.0514378659427166, 0.061673909425735474, 0.07123260200023651, 0.06244707107543945, 0.044000718742609024], "val_accuracy": [0.4046744704246521, 0.5769615769386292, 0.6644407510757446, 0.7078464031219482, 0.7368948459625244, 0.7595993280410767, 0.7555926442146301, 0.813355565071106, 0.7896494269371033, 0.8287145495414734, 0.86243736743927, 0.8644407391548157, 0.8757929801940918, 0.8437395691871643, 0.8654423952102661, 0.8764607906341553, 0.9011685848236084, 0.885141909122467, 0.890150249004364, 0.8914858102798462, 0.9188647866249084, 0.882136881351471, 0.9085142016410828, 0.8984975218772888, 0.9148581027984619, 0.9115191698074341, 0.8657763004302979, 0.9035058617591858, 0.9091819524765015, 0.900166928768158], "val_loss": [1.6519094705581665, 1.2306764125823975, 1.004930853843689, 0.8482462763786316, 0.7676393985748291, 0.7071484923362732, 0.7060847878456116, 0.5308871865272522, 0.6356827020645142, 0.5430570840835571, 0.4354378879070282, 0.42671820521354675, 0.41203799843788147, 0.48909929394721985, 0.45992183685302734, 0.39912405610084534, 0.34025925397872925, 0.37506917119026184, 0.37035953998565674, 0.39353543519973755, 0.30508825182914734, 0.429273396730423, 0.3448881208896637, 0.35965946316719055, 0.3093699514865875, 0.34326329827308655, 0.5885564684867859, 0.3874514698982239, 0.3683977723121643, 0.3517475724220276]}